Name,Year,University,Advisor,Program,Rocket1,Rocket2,Rocket3,Rocket4,Rocket5
"Adrian, Mark L.",1993,Iowa,"Van Allen, James A.",,,,,,
"Ajello, Joseph M.",1969,Colorado,"Barth, Charles A.",Aeronomy/Solar Research,,,,,
"Allen, Maxwell",1994,Stanford University,"Walker, Arthur B. C.",Solar sounding rocket work conducted with Black Brants at WSMR,36.049,36.091,,,
"Almy, Richard",1998,University of Wisconsin,"McCammon, Dan",,,,,,
"Anderson, James G.",1970,Michigan,"Sharp, William E.",Aeronomy,,,,,
"Apostolis, John",1971,New Hampshire,"Arnold, Roger",Cosmic Rays,,,,,
"Bahcivan, Hasan",2005,Cornell,"Hysell, Dave",,,,,,
"Bailey, Scott",1995,Colorado,"Woods, Tom",Solar EUV,,,,,
"Bale, Stuart",1992,Minnesota,"Cahill, Laurence J. Jr.",,,,,,
"Barnum, Benjamin H.",1999,Washington,"Holzworth, Robert H.",Rocket Experiment Thunderstorm III,,,,,
"Barrett, J.",1974,Michigan,"Sharp, William E.","Photometrics, Inc.",,,,,
"Barstow, Martin",1984,Leicester,"Pounds, Kenneth",X-ray Astr,,,,,
"Beasley, Matthew",2003,Colorado,"Green, James",Imaging Spectrograph for Interstellar Shocks,36.197 UG,,,,
"Bauer, Pierre",1967,Michigan,Carignan,EE,,,,,
"Behm, Dennis",1982,Minnesota,"Cahill, Laurence J. Jr.",,,,,,
"Behring, William",1959,Colorado,Wilshusen,Solar Research,,,,,
"Beiting, Edward J. III",1978,Johns Hopkins,"Feldman, Paul D.",,4.334,13.077,,,
"Berg, Glenn",1993,Cornell,"Kelley, Michael",,,,,,
"Bering, Edgar",1973,"California, Berkeley","Carlson, Charles W.",,8.056,,,,
"Berkey, Frank",1971,Alaska,"Davis, John M.",Auroral Physics,,,,,
"Bertiaume, Gregory",1991,Penn State,"Garmire, Gordon",,,,,,
"Bixler, Jay",1988,"California, Berkeley","Bowyer, C. S.",Far UV Background,,,,,
"Bloch, Jeff",1988,Wisconsin,"McCammon, Dan",Astrophysi,,,,,
"Bobroff, Norman",1981,CIT,"Nousek, John",Cal. Inst.,,,,,
"Boehm, Manfred",1987,"California, Berkeley","Carlson, Charles W.",,36.006,29.021,29.018,,
"Boerner, Paul",2004,Stanford University,"Walker, Arthur B. C.",Solar sounding rocket work conducted with Black Brants at WSMR,36.194,,,,
"Bohlin, Ralph",1970,Princeton,"Jenkins, Edward B.",,4.176,,,,
"Bonnell, John",1996,Cornell,"Kintner, P.",Ion Acceleration and Wave Dynamics,40.006,40.007,,,
"Boone, Catherine",2005,Colorado,,,,,,,
"Boone, Joseph",1970,Wisconsin,Code,Ultraviolet Astronomy,,,,,
"Borken, Richard",1972,MIT,"Rappaport-Clark, Saul-Geo.",X-ray Astr,,,,,
"Bowers, Charles W.",1985,Johns Hopkins,"Feldman, Paul D.",,4.34,4.342,,,
"Bowyer, Stewart",1965,Catholic,Werntz,X-rays,,,,,
"Boyd, John S.",1973,Alaska,"Davis, John M.",Auroral Physics,,,,,
"Boyle, C. FR.",1981,Pittsburgh,"Zipf, Edward C.",Phys &Sastr,,,,,
"Brasher, William",1969,"Texas, Dallas","Hanson, W. B.",Ion Chemistry,,,,,
"Brooks, Neil",1971,Princeton,"Jenkins, Edward B.",,4.226,,,,
"Brune , William H.",1978,Johns Hopkins,"Feldman, Paul D.",,26.05,13.124,,,
"Bruner, Elmomariln C.",1964,Colorado,Rense,Solar Research,,,,,
"Buckley, Jay L.",1969,Johns Hopkins,"Moos, Warren",,4.206,4.308,,,
"Bucsela, E.",1993,Michigan,"Sharp, William E.",Naval Research Lab,,,,,
"Budzien, Scott A.",1992,Johns Hopkins,"Feldman, Paul D.",Hitchhiker,STS-39,,,,
"Bunting, Dave",1972,"Texas, Dallas","Heikkila, W. J.",Plasma Probe Study,,,,,
"Burgh, Eric B.",2001,Johns Hopkins,"Feldman, Paul D.",UV Dust Scattering,36.156,36.136,36.186,36.198,
"Burkhead, Martin",1964,Wisconsin,Code,Ultraviolet Astronomy,,,,,
"Burnett, Byron",1970,MIT,"Bradt, Hale",X-ray Astr,,,,,
"Burrows, Dave",1982,Wisconsin,"Kraushaar, Bill",,,,,,
"Burstein, Paul H.",1976,Wisconsin,"Kraushaar, Bill",,13.084,,,,
"Buscela, Eric",1993,Michigan,"Sharp, William E.",Aeronomy,27.122,,,,
"Bush, Rock O.",1983,"California, Berkeley","Carlson, Charles W.",Porcupine,,,,,
"Cageao, Richard",1989,Michigan,"Sharp, William E.",Aeronomy,33.056,,,,
"Cahill, Laurence J. Jr.",1959,Iowa,"Van Allen, James A.",,,,,,
"Caldwell, John",1971,Wisconsin,Code,Ultraviolet Astronomy,,,,,
"Carlson, Charles W.",1974,"California, Berkeley","Carlson, Charles W.",,8.056,18.035,18.036,18.037,
"Carnahan, Byron C.",1977,Pittsburgh,"Zipf, Edward C.",Ionos. Data Interpretation,,,,,
"Cartwright, David",1972,Minnesota,Winckler,,,,,,
"Cash, Webster",1978,"California, Berkeley","Bowyer, C. S.",EUV Astronomy,,,,,
"Casserly, Raymond T. Jr.",1975,Rice,"Anderson, Andrew B.",,18.112,,,,
"Cawley, Laura",1998,Penn State,"Burrows, David",,,,,,
"Cebula, Richard P.",1983,Johns Hopkins,"Feldman, Paul D.",,25.039,21.074,,,
"Cesiano, Jean",1975,Rice,"Anderson, Andrew B.",,18.111,,,,
"Chakrabarti, Supriya",1982,"California, Berkeley","Bowyer, C. S.",Geocoronal H+ Emission,,,,,
"Chang, Tieh C.",1970,Maryland,Bettinger,Ionospheric Parameters,18.012,,,,
"Chappell, Charles R.",1969,Rice,"Anderson, Andrew B.",,8.047,,,,
"Chase, Lee",1969,"California, Berkeley","Carlson, Charles W.",,18.036,18.037,,,
"Cho, John",1993,Cornell,"Kelley, Michael",,,,,,
"Choy, Lawrence",1971,New Hampshire,"Arnoldy, Roger",,18.091,18.092,18.093,,
"Clarke, John T.",1980,Johns Hopkins,"Feldman, Paul D.",,25.038,,,,
"Cleary, David D.",1985,Colorado,"Barth, Charles A.",LASP,,,,,
"Clemmons, James H.",1992,"California, Berkeley","Carlson, Charles W.",,35.009,,,,
"Cloutier, Paul",1967,Rice,"Anderson, Andrew B.",,14.242,14.243,,,
"Coleman, Philip",1970,Wisconsin,"Kraushaar, Bill",,4.175,,,,
"Coleson, Robert",1970,Southern California,Judge,Earth Day Glow,18.11,,,,
"Conway, Robert R.",1980,Colorado,"Barth, Charles A.",,,,,,
"Cook, Timothy",1991,Colorado,"Sharp, William E.",GALACASTRN,,,,,
"Cordova, France",1979,CIT,"Nousek, John",Cal. Inst.,,,,,
"Costa, Emanuel",1978,Cornell,"Kelley, Michael",,,,,,
"Cotton, Daniel",1991,"California, Berkeley","Chakrabarti, Supriya",,,,,,
"Countryman, Ian D.",1979,Illinois,"Bowhill, Sidney A.",,,,,,
"Cresswell, George R.",1968,Alaska,"Davis, John M.",Auroral Physics,,,,,
"Crowder, Gwynne",2012,Wisconsin,"McCammon, Dan",Galactic diffuse X-ray background,36.223,,,,
"Cui, Wei",1994,Wisconsin,"McCammon, Dan",,,,,,
"Cunningham, Nathaniel",2007,Colorado,"Green, James",Extended Shocks Within One Kiloparsec: Instrumentation and Observations,,,,,
"Dade, Anil",1969,"California, San Diego",McIlwain,Auroral Particles,,,,,
"Datta, Suvro",1995,Washington,,,,,,,
"Davis, John E.",1976,Wisconsin,Code,Ultraviolet Astronomy,,,,,
"Deehr, Charles S.",1968,Alaska,"Davis, John M.",Auroral Physics,,,,,
"Defise, Jean Marc",1999,Belgium,,,,,,,
"Deforest, Craig",1995,Stanford University,"Walker, Arthur B. C.",Solar sounding rocket work conducted with Black Brants at WSMR,36.049,36.091,,,
"Delory, Gregory",1996,"University of California, Berkeley","Carlson, Charles","Rocket Observations of VLF Bursts, Electron Precipitation and Ion Heating in the Auroral Ionosphere",,,,,
"Dieter, Kita",1981,Wisconsin,"Sharp, William E.",Chemistry,4.339,,,,
"Doe, Rick",1993,Boston,"Mendillo, Michael J.",Auroral Physics,,,,,
"Doxsey, Rodger",1974,MIT,"Rappaport, Saul",X-ray Astr,,,,,
"Durrance, Samuel T.",1980,Colorado,"Barth, Charles A.",Astro-GEOP,,,,,
"Dusenberry, Paul",1977,New Hampshire,"Arnoldy, Roger",,18.152,,,,
"Dymond, Kenneth F.",1989,Johns Hopkins,"Feldman, Paul D.",,21.093,21.095,,,
"Earle, Gregory",1988,Cornell,"Kelley, Michael",,,,,,
"Eastes, Richard W.",1985,Johns Hopkins,"Feldman, Paul D.",,25.046,29.017,,,
"Eaton, Joel",1975,Wisconsin,Code,Ultraviolet Astronomy,,,,,
"Edelstein, Jerry",1992,"California, Berkeley","Bowyer, C. S.",Diffuse Far UV Bckgrnd,36.06,,,,
"Edgar, Richard",1985,Wisconsin,"Cox, Don",Astrophysi,,,,,
"Edmonson, B.",1977,Johns Hopkins,Fastie,,13.077,,,,
"Edwards, Brad",1990,Wisconsin,"McCammon, Dan",Astrophysi,,,,,
"El-Agamawi, Mohsen",1988,Pittsburgh,"Zipf, Edward C.",Phys & Astro,,,,,
"El-Ganayni, Abdel",1990,Pittsburgh,"Zipf, Edward C.",Phys & Astro,,,,,
"Ellis, Robert A. Jr.",1954,Iowa,"Van Allen, James A.",Cosmic Ray/Rockoon,,,,,
"Eltamsahy, Adel",1968,Michigan,Carignan,EE,,,,,
"Enge, per K.",1983,Illinois,"Bowhill, Sidney A.",,,,,,
"Eparvier, Francis G.",1991,Colorado,"Barth, Charles A.",Aeronomy,,,,,
"Erdman, Peter",1979,Pittsburgh,"Zipf, Edward C.",Auroral Studies,,,,,
"Ergun, Robert",1989,"California, Berkeley","Carlson, Charles W.",,35.023,,,,
"Erlandson, Robert",1986,Minnesota,"Cahill, Laurence J. Jr.",,,,,,
"Espy, Patrick",1977,Pittsburgh,"Zipf, Edward C.",Auroral Studies,,,,,
"Estler, Ronald",1976,Johns Hopkins,"Feldman, Paul D.",,4.344,,,,
"Fabricant, Daniel",1978,Harvard,"Gorenstein, Paul",,27.031,,,,
"Fildes, Roger D.",1979,Illinois,"Bowhill, Sidney A.",,,,,,
"Fink, Richard",1988,Penn State,"Garmire, Gordon",,,,,,
"Finn, Thomas G.",1973,Johns Hopkins,"Feldman, Paul D.",,,,,,
"France, Kevin",2006,Johns Hopkins,"Feldman, Paul D.",Molecular Hydrogen Fluorescence,36.198,36.208,36.22,,
"Freeman, Jay",1979,"California, Berkeley","Bowyer, C. S.",Solar PBYS/Study of ISM Inflow Thrusolsys,,,,,
"Fried, Peter",1978,Wisconsin,"Kraushaar, Bill",,13.102,,,,
"Gallagher, Dennis",1993,Colorado,Webster Cash,HIENRGASTR,,,,,
"Gallagher, John S. III",1972,Wisconsin,Scherb,Ultraviolet Astronomy,,,,,
"Garbe, Greg",1990,New Hampshire,"Arnoldy, Roger",Auroral,,,,,
"Garrido, Dante",1993,Alaska,"Westcott, Eugene M.",,29.016UE,,,,
"Gastman, Irvin",1974,Michigan,Carignan,Aeronomy,,,,,
"Gelpi, Craig",1983,Houston,"Bering, Edgar A. III",,29.007,,,,
"Gibbs, Kenneth P.",1983,Illinois,"Bowhill, Sidney A.",,,,,,
"Giles, John W. Jr.",1974,Johns Hopkins,"Moos, Warren",,13.047,,,,
"Gilra, Daya P.",1972,Wisconsin,Code,Ultraviolet Astronomy,,,,,
"Glesener, Lindsay",2012,"California, Berkeley",Bob Lin / Sam Krucker,Solar Flares (FOXSI),36.255,,,,
"Goerke, Roger",1992,Minnesota,"Kellogg, Pauleth J.",,,,,,
"Golshan, Nasser",1974,Illinois,"Bowhill, Sidney A.",,,,,,
"Gonzales, Cesar",1979,Cornell,"Kelley, Michael",,,,,,
"Good, R. EA.",1974,Colorado,"Barth, Charles A.",Aeronomy,,,,,
"Gorman, Michael R.",1981,Pittsburgh,"Zipf, Edward C.",Phys & Astro,,,,,
"Green, James",1989,"California, Berkeley","Bowyer, C. S.",EUV Spectrosc. of Hot White CDWA,,,,,
"Grossman, Barry G.",1977,Illinois,"Bowhill, Sidney A.",,,,,,
"Guenther, Bruce",1974,Pittsburgh,"Zipf, Edward C.",Atomic Oxygen,,,,,
"Guha, Dipak",1972,Illinois,"Bowhill, Sidney A.",,,,,,
"Gunderson, Kurt",2000,Colorado,"Green, James C.",GALACASTRN,,,,,
"Gutcheck, Robert",1971,Pittsburgh,"Zipf, Edward C.",N2 Auroral Properties,,,,,
"Hall, Timothy",1991,Cornell,"Kelley, Michael",,,,,,
"Hallinan, Thomas",1976,Alaska,"Davis, John M.",Auroral Physics,,,,,
"Han, Sang-In",1999,University of Wisconsin,"McCammon, Dan",,,,,,
"Hartig, George F. Jr.",1978,Johns Hopkins,"Feldman, Paul D.",,21.054,21.056,21.059,24.01,
"Hassler, Donald M.",1990,Colorado,"Sharp, William E.",Solar Research,,,,,
"Hecquet, Christophe",2009,Univ. of Paris XI,,,,,,,
"Hedin, A. E.",1966,Minnesota,Cahill & Nier,,4.127,,,,
"Hendrickson, R. A.",1972,Minnesota,Winckler,,,,,,
"Henry, Patrick",1975,"California, Berkeley","Bowyer, C. S.",EUV Survey,,,,,
"Hess, Garry C.",1976,Illinois,"Bowhill, Sidney A.",,,,,,
"Hicks, Brian",2012,Boston,"Chakrabarti, Supriya",REDDIE project,36.225,,,,
"Hickman, D. R.",1971,Minnesota,Cahill & Nier,,4.272,4.273,,,
"Hill, Reginald",1976,Illinois,"Bowhill, Sidney A.",,,,,,
"Hill, Steve",1999,Colorado,,,,,,,
"Hinton, B. B.",1975,Michigan,Carignan,Aeronomy,,,,,
"Holberg, Jay",1975,"California, Berkeley","Bowyer, C. S.",Diffuse Far UV Background,,,,,
"Hord, C. W.",1964,Colorado,Wilshusen,Solar Research,,,,,
"Hsu, Lan-Sheng",1992,Pittsburgh,"Zipf, Edward C.",Phys. & Astro,,,,,
"Huang, Frank",1970,Maryland,Bettinger,Ionospheric Parameters,18.012,,,,
"Huang, Philip",1969,Maryland,Bettinger,Ionospheric Parameters,18.012,,,,
"Hurwitz, Mark",1990,"California, Berkeley","Bowyer, C. S.",Diffuse Far UV Bckgrnd,,,,,
"Hutchinson, James L.",1974,Wisconsin,Code,Ultraviolet Astronomy,,,,,
"Indebetuow, Remy",2001,Colorado,,,,,,,
"Iwan, Deann",1978,Wisconsin,"Kraushaar, Bill",,,,,,
"Jahn, Jorg-Micha",1997,Dartmouth College,Jim LaBelle,GUARA High Altitude Spread F Ionosphere mission,35.030IE,,,,
"Jahoda, Keith",1986,Wisconsin,"McCammon, Dan",Astrophysi,,,,,
"Jakobsen, Peter",1983,"California, Berkeley","Bowyer, C. S.",Diffuse EUV Background,,,,,
"Jelinsky, Patrick",1988,"California, Berkeley","Bowyer, C. S.",EUV Spectroscopy,,,,,
"Jew, Howard",1968,Michigan,Carignan,Aero,,,,,
"Johnstone, Alan",1970,Alaska,"Davis, John M.",Auroral Physics,,,,,
"Jones, Robert A.",1969,Colorado,"Rense, W. A.",Solar Research,,,,,
"Jones, Sarah",2010,New Hampshire,"Lessard, Marc",Auroral Research,40.02,,,,
"Joseph, Charles",1985,Colorado,"Sharp, William E.",Galactic,,,,,
"Juda, Mike",1988,Wisconsin,"McCammon, Dan",Astrophysi,,,,,
"Kaeppler, Stephen",2013,Iowa,"Kletzing, Craig",CUSP Electrodynamics,40.018,40.022,40.025,21.139,36.242
"Kamalabadi, Farzad",2005,Boston,"Chakrabarti, Supriya",UV imaging ISM,,,,,
"Kamash, Salma",1974,Michigan,Carignan,ED,,,,,
"Kanal, Madhoo",1971,Michigan,Carignan,Physics,,,,,
"Kankelborg, Charles",1996,Stanford University,"Walker, Arthur B. C.",Solar sounding rocket work conducted with Black Brants at WSMR,36.049,36.091,,,
"Kao, Wen-Wei",1984,Pittsburgh,"Zipf, Edward C.",Phys. & Astro,,,,,
"Kasper, Joseph E.",1958,Iowa,"Van Allen, James A.",Rockoon,,,,,
"Kastrozak, W. T.",1968,Minnesota,Cahill & Nier,,4.18,4.181,,,
"Kayat, Michael",1978,Leicester,"Pounds, Kenneth",X-ray Astr,,,,,
"Kelley, Michael",1970,"California, Berkeley","Carlson, Charles W.",,8.056,,,,
"Kimble, Randy",1983,"California, Berkeley","Bowyer, C. S.",EUV Spectroscopy of Astr. Objs.,,,,,
"Kintner, Paul",1974,Minnesota,"Cahill, Laurence J. Jr.",,,,,,
"Kita, D.",1981,Michigan,"Sharp, William E.",Therom Electron Corp.,,,,,
"Klatt, Eric Michael",2005,Cornell,"Kintner, Paul",SIERRA and SERSIO,35.035,,,,
"Klementis, Eric",1995,"California, Berkeley","Carlson, Charles W.",Plasma Physics,35.023UE,40.002UE,40.004UE,,
"Klumpar, David",1973,New Hampshire,"Lockwood, J.",Cosmic Rays,,,,,
"Knappmiller, Scott",2010,Colorado,"Robertson, Scott",Mesospheric Aerosol Sampling Spectrometer,41.069,41.07,,,
"Knudsen, David",1990,Cornell,"Kelley, Michael",,,,,,
"Korendyke, Clarence M.",1992,Maryland,Brueckner,Solar Research,,,,,
"Korpela, Eric",1997,"California, Berkeley","Bowyer, C. S.",Diffuse Far UV Background,36.06,,,,
"Kowalski, Michael P.",1997,Northwestern,"Ulmer, Melville P.",X-ray Astr,,,,,
"Kraft, Ralph",1993,Penn State,"Garmire, Gordon",,,,,,
"Kumar, Shailendra",1973,"California, Berkeley","Bowyer, C. S.",Study of Helium Geocorona,,,,,
"Kumar, Jack",1969,Pittsburgh,"Zipf, Edward C.",HE Resonance RAD'N,,,,,
"Kurtz, Dalton",1960,Colorado,Wilshusen,Solar Research,,,,,
"LaBelle, James",1985,Cornell,"Kintner, Paul M.",A&EP/Space Plasma Physics,,,,,
"Laboy, Simon",1988,"California, Berkeley","Bowyer, C. S.",Diff. EUV Bkgnd. Spectro.,,,,,
"Landini, Frederico",2006,Univ. of Florence,"Romoli, Marco",,,,,,
"Lampton, Michael",1969,"California, Berkeley","Carlson, Charles W.",,14.XXX,,,,
"Larsen, Miguel",1979,Cornell,"Kelley, Michael",,,,,,
"Lees, Joanna F.",1992,Princeton,"Jenkins, Edward B.",,27.082,,,,
"Levine, Alan",1976,MIT,"Rappaport, Saul B.",X-ray Astr,,,,,
"Li, Ya QI.",1993,Washington,"Holzworth, Robert H.",Geophysics,36.013,27.12,,,
"Lillie, C. F.",1968,Wisconsin,Code,Ultraviolet Astronomy,,,,,
"Lin, Chung-An",1974,Rice,"Anderson, Andrew B.",,18.112,,,,
"Lindblom, Joakim",1990,Stanford University,"Walker, Arthur B. C.",Solar sounding rocket work conducted with Black Brants at WSMR,36.049,27.092,,,
"Loane, Joseph T. III",1986,Illinois,"Bowhill, Sidney A.",,,,,,
"Long, Knox",1975,CIT,"Garmire, Gordon P.",,13.104,13.106,,,
"Lowenstein, Robert S.",1973,Rice,"Anderson, Andrew B.",,18.112,,,,
"Lummerzheim, Dirk",1988,Alaska,"Wescott, Eugene M.",Plasma Physics,29.007UE,,,,
"Lupu, Roxana-Elena",2009,Johns Hopkins,"McCandliss, Stephan",Astrophysics,,,,,
"Lynch, Kristina",1992,New Hampshire,"Arnoldy, Roger",Auroral,,,,,
"MacDonald, Elizabeth",2004,New Hampshire,"Lynch, Kristina",Sierra-Sounding of the ion energization region: resolving ambiguities.,40.114,,,,
"Mack, John",1970,"California, Berkeley","Bowyer, C. S.",Galactic X-ray Astr.,,,,,
"Maclean, Phillip",1995,Pittsburgh,"Zipf, Edward C.",,,,,,
"Macy, William W.",1973,Princeton,"Jenkins, Edward B.",,4.267,,,,
"Mags, James E.",1971,Alaska,"Davis, John M.",Auroral Physics,,,,,
"Malina, Roger F.",1979,"California, Berkeley","Bowyer, C. S.",EUV Spectroscopy,P,,,,
"Mallinkrodt, A. JO.",1980,"California, Berkeley","Carlson, Charles W.",Porcupine,,,,,
"Mandelbaum, David",1974,Johns Hopkins,"Feldman, Paul D.",,,,,,
"Margon, Bruce",1973,"California, Berkeley","Bowyer, C. S.",Galactic X-ray Astr.,,,,,
"Martin, Christopher",1987,"California, Berkeley","Bowyer, C. S.",Far UV Background,,,,,
"Martinez, Mel",1995,Johns Hopkins,"Feldman, Paul D.",Galactic A,,,,,
"Martinez-Galarce, Dennis",2000,Stanford University,"Walker, Arthur B. C.",Solar sounding rocket work conducted with Black Brants at WSMR,36.194,36.091,36.049,,
"Matilsky, Terry",1971,Princeton,"Jenkins, Edward B.",,4.271,,,,
"Mayer, William",1970,MIT,"Bradt, Hale",X-ray Astr.,,,,,
"Maynard, Nelson",1966,New Hampshire,"Arnoldy, Roger",,14.79,14.8,14.81,14.82,14.85
"McAllister, Howard",1959,Colorado,Wilshusen,Solar Research,,,,,
"McCammon, Daniel",1971,Wisconsin,"Kraushaar, Bill",,4.302,,,,
"McCandliss, Stephan",1988,Colorado,Webster Cash,GALASASTRN,,,,,
"McClaughlin, Robert W.",1977,Pittsburgh,"Zipf, Edward C.",Phys. & Astro,,,,,
"McClintock, William E.",1976,Johns Hopkins,"Feldman, Paul D.",,26.006,13.047,,,
"McCoy, Robert P.",1981,Colorado,"Barth, Charles A.",LASP,,,,,
"McEntaffer, Randy",2007,Colorado,"Cash, Web",,36.224,,,,
"McFadden, James",1985,"California, Berkeley","Carlson, Charles W.",,36.006,29.021,29.018,,
"McKentire, Richard",1972,Minnesota,Winckler,,,,,,
"McKinney, Wayne R.",1974,Johns Hopkins,"Moos, Warren",,13.047,,,,
"McLean, Ryan",2000,Colorado,"Green, James C.",GALACASTRN,,,,,
"McPhate, Jason B.",1998,Johns Hopkins,"Feldman, Paul D.",Carbon Monoxide in Comets,,,,,
"Meir, Robert",1966,Pittsburgh,"Zipf, Edward C.",Sodium-Dayglow,,,,,
"Meira, L. GL. Jr.",1970,Colorado,"Barth, Charles A.",Aeronomy,14.389,14.39,,,
"Mendenhall, Jeffery",1993,Penn State,"Burrows, David",,,,,,
"Menengini, Robert",1974,Michigan,Carignan,EE,,,,,
"Meredith, Leslie H.",1954,Iowa,"Van Allen, J. A.",Cosmic Rays/Rockoon System - Arctic,,,,,
"Michell, Robert G.",2007,Dartmouth College,"Lynch, Kristina",High Freq waves in the Auroral Ionosphere,40.01,,,,
"Miller, Ray",1965,Johns Hopkins,Fastie,,,,,,
"Miller, Kent L.",1977,Illinois,"Bowhill, Sidney A.",,,,,,
"Moore, Thomas E.",1978,Univ. of Colorado,"T W Speiser, D S Evans",,29.003,,,,
"Moore, William",1975,CIT,"Garmire, Gordon P.",,13.064,,,,
"Morgan, Barry",1975,New Hampshire,"Arnoldy, Roger",Auroral,,,,,
"Morgenthaler, Jeff",1998,University of Wisconsin,"McCammon, Dan",,,,,,
"Morrisey, Patrick F.",1996,Johns Hopkins,"Feldman, Paul D.",Galactic,,,,,
"Morrison, James",1979,Wisconsin,"Kraushaar, Bill",,,,,,
"Mumma, Michael",1970,Pittsburgh,"Zipf, Edward C.",,,,,,
"Munninghoff, Donald E.",1978,Illinois,"Bowhill, Sidney A.",,,,,,
"Murphree, John S.",1975,Rice,"Anderson, Andrew B.",,18.158,,,,
"Murthy, Jayant N.",1986,Johns Hopkins,"Feldman, Paul D.",UVX,STS-61C,,,,
"Neekins, John",1973,Catholic,Werntz,Solar X-rays,,,,,
"Niemann, Hasso B.",1969,Michigan,Carignan,EE,,,,,
"Nishikida, Kaori",1999,Penn State,"Burrows, David",,,,,,
"Norton, Richard B.",1967,Colorado,"Barth, Charles A.",Aeronomy,,,,,
"Nousek, John A.",1978,Wisconsin,"Kraushaar, Bill",,13.103,13.049,,,
"Oakley, Phil",2011,Colorado,"Cash, Webster",,36.252,,,,
"Odell, Andrew P.",1974,Wisconsin,Code,Ultraviolet Astronomy,,,,,
"Olivero, J.",1970,Michigan,"Sharp, William E.",Embry-Riddle Aeronautical Univ.,,,,,
"Oluseyi, Hakeem",2000,Stanford University,"Walker, Arthur B. C.",Solar sounding rocket work conducted with Black Brants at WSMR,36.091,36.049,,,
"O'Neal, Ray",1994,Stanford University,"Walker, Arthur B. C.",Solar sounding rocket work conducted with Black Brants at WSMR,36.049,36.091,,,
"Opal, Chet B.",1969,Johns Hopkins,"Moos, Warren",,4.197,4.206,4.217,,
"Palmieri, Thomas",1969,Wisconsin,"Kraushaar, Bill",,4.174,,,,
"Pancrazzi, Maurizio",2010,Univ. of Florence,,,,,,,
"Panek, Robert",1976,Wisconsin,Code,Ultraviolet Astronomy,,,,,
"Parady, Bodo",1975,Minnesota,Cahill & Nier,,,,,,
"Paresce, Francesco",1973,"California, Berkeley","Bowyer, C. S.",Study of ISM Inflotrav-Solar Sy,,,,,
"Park, Hongwood",1977,Johns Hopkins,"Anderson, Andrew B.",,4.344,13.077,,,
"Park, Raymond J.",1971,Rice,"Feldman, Paul D.",,14.321,,,,
"Parker, Jay W.",1989,Illinois,"Bowhill, Sidney A.",,,,,,
"Patrick, Richard",1970,Pittsburgh,"Zipf, Edward C.",NA D Region Light,,,,,
"Patterson, Truman",1969,Pittsburgh,"Zipf, Edward C.",Auroral Studies,,,,,
"Pazich, Philip M.",1971,Rice,"Anderson, Andrew B.",,18.112,,,,
"Pearce, Jeffrey B.",1968,Colorado,"Barth, Charles A.",Aeronomy/Solar Research,14.347,14.348,14.349,,
"Pearl, John",1970,Michigan,Carignan,Physics,,,,,
"Pellerini, Charles",1974,Catholic,Werntz,Cosmic Rays,,,,,
"Pereira, Eduardo",1979,Cornell,"Kelley, Michael",,,,,,
"Petre, Robert",1982,MIT,"Rappaport, Saul",X-ray Astr,,,,,
"Pfaff, Robert F.",1986,Cornell,"Kelley, Michael",,,,,,
"Pfitzer, Karl A.",1968,Minnesota,Winckler,Aeronomy,11.006,,,,
"Phillips, Edward",1975,Southern California,Judge,Atmospheric Gas,18.11,,,,
"Plucinski, Paul",1993,Wisconsin,"McCammon, Dan",,,,,,
"Pollock, Craig",1987,New Hampshire,"Arnoldy, Roger",Auroral,,,,,
"Polucci, Gerry",1972,MIT,"Bradt, Hale",X-ray Astr,,,,,
"Pongratz, Morris B.",1972,Maryland,Matthews,Auroral Physics,21.054,,,,
"Potter, Wentworth",1974,New Hampshire,"Cahill, Laurence J. Jr.",Auroral,,,,,
"Preidhorsky, William",1977,CIT,"Garmire, Gordon P.",,26.038,,,,
"Prokop, Thomas M.",1986,Pittsburgh,"Zipf, Edward C.",,,,,,
"Providakes, James",1990,Cornell,"Kelley, Michael",,,,,,
"Pulliam, Don",1976,Wisconsin,Scherb,,8.065,,,,
"Purcell, William R.",,Northwestern,"Ulmer, Melville P.",X-ray Astr,,,,,
"Rappaport, Saul",1968,MIT,"Bradt, Hale",X-ray Astr,,,,,
"Rearwin, Stephen",1970,"California, San Diego",McIlwain,Ions and Electrons,,,,,
"Reasoner, David L.",1968,Rice,"Anderson, Andrew B.",,4.217,,,,
"Reyrvik, Ola",1976,Alaska,"Davis, John M.",Auroral Physics,,,,,
"Rhee, Chong",1970,Michigan,Carignan,EE,,,,,
"Richter, Eric S.",1978,Illinois,"Bowhill, Sidney A.",,,,,,
"Rocks, Lindsay",2008,University of Wisconsin,"McCammon, Dan",,,,,,
"Rodrigues, Fabiano",2008,Cornell,"Hysell, Dave",,,,,,
"Roeder, James",1982,Houston,"Bering, Edgar A. III",,15.129,15.13,15.131/2,15.162/3,
"Rottman, Gary J.",1972,Johns Hopkins,"Moos, Warren",,4.318,13.046,,,
"Rowland, Douglas E.",2002,University of Minnesota,"Wygant, John R.",Electron acceleration over thunderstorms,27.143,,,,
"Rusch, David W.",1972,Colorado,"Barth, Charles A.",Astro-GEOP,,,,,
"Rutherford, John Morton",2013,MIT,"Figueroa-Feliciano, Enectali","Micro-X, High-resolution x-ray imaging spectroscopy",36.245,,,,
"Sahnow, David J.",1992,Johns Hopkins,"Feldman, Paul D.",,21.093,21.095,36.045,36.057,
"Samara, Marilia",2005,Dartmouth College,Jim LaBelle,"Sounding rocket investigations of whistler, upper hybrid and Langmuir waves in the auroral ionosphere",40.01,40.014,40.016,36.2,
"Sandel, Bill R.",1971,Rice,"Anderson, Andrew B.",,18.11,,,,
"Sanders, Wilton",1976,Wisconsin,"Kraushaar, Bill",,13.083,,,,
"Sarlin, Scott",1998,Colorado,"Green, James C.",GALACASTRN,,,,,
"Saulnier, Gregory",1993,Penn State,"Garmire, Gordon",,,,,,
"Scales, W.",1988,Cornell,"Kintner, Paul M.",EE/Space Plasma Physics,,,,,
"Schindhelm, Eric",2011,Colorado,"Green, James",interstellar medium,36.244,36.27,,,
"Schow, Dana",1971,New Hampshire,"Lockwood, J.",Cosmic Rays,,,,,
"Schutz, Stephen",1973,"California, Berkeley","Carlson, Charles W.",,8.056,,,,
"Scoug, Ruth M.",,,,,,,,,
"Sen, Bhaswar",1992,Houston,"Bering, Edgar A. III",,31.081,,,,
"Shailendra, Kumar",1973,"California, Berkeley","Bowyer, C. S.",Galactic X-ray Astronomy,,,,,
"Sharp, James",1972,"Texas, Dallas","Heikkila, W. J.",ISIS-1 Auroral Study,,,,,
"Sharp, William E. III",1970,Colorado,"Barth, Charles A.",Aeronomy,18.081,18.082,,,
"Shelton, John D.",1982,Illinois,"Bowhill, Sidney A.",,,,,,
"Shidanardan, Kandiah",1970,Catholic,Werntz,Cosmic I.R. Rar.,,,,,
"Shoeberl, Mark R.",1976,Illinois,"Bowhill, Sidney A.",,,,,,
"Siefring, Carl",1987,Cornell,"Kelley, Michael",,,,,,
"Silva, Luiz Costa DA.",1974,Illinois,"Bowhill, Sidney A.",,,,,,
"Simmons, William R.",1965,Colorado,Rense,Solar Research,,,,,
"Simmons, David J.",1975,Maryland,Matthews,Auroral Physics,,,,,
"Sinha, Ashok K.",1971,Maryland,Bettinger,Ionospheric Parameters,18.012,,,,
"Siskind, David E.",1988,Colorado,"Barth, Charles A.",LASPAERONO,,,,,
"Slavin, Jonathan",1990,Wisconsin,"Cox, Don",Astrophys.,,,,,
"Snowden, Steve",1986,Wisconsin,"Kraushaar, Bill",,,,,,
"St. Onge, Richard",1972,New Hampshire,"Lockwood, J.",Neutron Measurements,,,,,
"Stacey, David",1954,Colorado,Wilshusen,Solar Research,,,,,
"Stephan, Sherri",2005,Boston,"Chakrabarti, Supriya",UV imaging ISM,,,,,
"Stern, Robert",1978,"California, Berkeley","Bowyer, C. S.",Diffuse Soft X-ray Background,,,,,
"Stevens, John",1972,CIT,"Garmire, Gordon P.",,13.063,,,,
"Stone, Edward",1971,Pittsburgh,"Zipf, Edward C.",Ionos. Data Interpretation,,,,,
"Stone, M. E.",1969,Princeton,"Jenkins, Edward B.",,4.17,,,,
"Strachan, Leonard Jr.",1990,Harvard,"Kohl, John",Solar Research,,,,,
"Strickland, Douglas",1968,Pittsburgh,"Zipf, Edward C.",Atomic O2 Radiation,,,,,
"Sultan, Peter",1994,Boston,"Mendillo, Michael","SSPINEX,REDAIR,ERIC,CRRES",,,,,
"Swanson, Richard",1978,Minnesota,Winckler,,27.003,,,,
"Swenson, Gary R.",1975,Michigan,"Sharp, William E.",Aeronomy,4.329,,,,
"Swenson, Charles",1992,Cornell,"Kelley, Michael",,,,,,
"Takacs, Peter Z.",1975,Johns Hopkins,"Feldman, Paul D.",FUV Aeronomy,4.32,13.096,26.023,,
"Tang, Paul",1988,New Hampshire,"Kauffman, R.",Auroral,,,,,
"Tarstrup, Jens",1971,"Texas, Dallas","Heikkila, W. J.",Plasma Probe Study,,,,,
"Temerin, Michael",1978,"California, Berkeley","Carlson, Charles W.",Greenland Flight,,,,,
"Tennyson, Peter D.",1983,Johns Hopkins,"Feldman, Paul D.",UVX,24.01,STS-61C,,,
"Topka, Kenneth",1980,Harvard,"Gorenstein, Paul",X-ray Astr,27.031,,,,
"Topoka ?????, Kenneth",1980,Boston,"Mendillo, Michael",X-ray Emission from Stars,27.031,,,,
"Torbert, Roy B.",1979,"California, Berkeley","Carlson, Charles W.",,8.063,,,,
"Trainor, James",1965,New Hampshire,"Lockwood, J.",Cosmic Rays,,,,,
"Trowbridge Heine, Sarah Nicole",2014,MIT,"Figueroa-Feliciano, Enectali","Micro-X, High-resolution x-ray imaging spectroscopy",36.245,,,,
"Tung, Yeh-Kai",2000,"University of California, Berkeley","Carlson, Charles",Ion Acceleration and Transport Mechanisms in the Earth's Magnetosphere,,,,,
"Ulmer, Melville P.",1970,Wisconsin,"Kraushaar, Bill",,18.025,15.032,,,
"Unger, Gladys",1974,Pittsburgh,"Zipf, Edward C.",Dissociative Recombination,,,,,
"Vago, J. L.",1992,Cornell,"Kintner, Paul M.",EE/Space Plasma Physics,,,,,
"Vanderhill, Matthew",1974,Wisconsin,"Kraushaar, Bill",,,,,,
"Vierick, Rod",1988,Alaska,"Wescott, Eugene M.",,,,,,
"Violett, Theodore",1959,Colorado,Wilshusen,Solar Research,,,,,
"Vitz, Robert C.",1977,Johns Hopkins,"Moos, Warren",,26.039,26.051,4.206,,
"Vondrak, Richard R.",1970,Rice,"Anderson, Andrew B.",,14.321,,,,
"Voss, Henry D.",1977,Illinois,"Bowhill, Sidney A.",,,,,,
"Waljeski, K. M. H.",1992,Brandeis,"Moses, J. D.",Solar Research,,,,,
"Walker, David",1975,New Hampshire,"Arnoldy, Roger",,18.152,,,,
"Wallis, Donald D.",1974,Alaska,"Davis, John M.",Auroral Physics,,,,,
"Warner, John D.",1968,Michigan,Carignan,Aero,,,,,
"Wasser, Barry",1974,Pittsburgh,"Zipf, Edward C.",Atomic Oxygen,,,,,
"Weaver, Harold A. Jr.",1981,Johns Hopkins,"Feldman, Paul D.",,25.038,21.067,,,
"Weiland, Richard M.",1982,Illinois,"Bowhill, Sidney A.",,,,,,
"Weinstein, Arthur F.",1976,Johns Hopkins,"Feldman, Paul D.",,26.039,,,,
"Weiser, Heinz",1977,Johns Hopkins,"Moos, Warren",,21.054,26.006,26.039,26.054,
"Wentworth, Potter",1969,Minnesota,Winckler,,18.041,18.042,18.043,18.044,
"Wen-Wei Kao, Michael",1989,Pittsburgh,"Zipf, Edward C.",,,,,,
"Wilkinson, Erik",1993,Colorado,"Green, James C.","Fuse/Astroph., Planet. & Atmos Science",,,,,
"Williams, Albert J. III",1969,Johns Hopkins,"Feldman, Paul D.",,21.085,21.081,21.093,21.095,
"Williamson, Fred",1974,Wisconsin,"Kraushaar, Bill",,13.082,,,,
"Williamson, Erik",1993,Colorado,"Sharp, William E.",Galacastrn,,,,,
"Windt, David",1986,Colorado,Webster Cash,Hienrgastr,,,,,
"Wingert, David",1974,Princeton,"Jenkins, Edward B.",,4.27,,,,
"Winningham, David",1970,"Texas, Dallas","Heikkila, W. J.",ISIS-1CLFT,,,,,
"Woods, Thomas N.",1985,Johns Hopkins,"Feldman, Paul D.",,,,,,
"Woodworth, Joseph R.",1974,Johns Hopkins,"Moos, Warren",,,,,,
"Worden, John R.",1996,Colorado,,LASP/UV Irradiance,,,,,
"Zanetti, Larry",1978,New Hampshire,"Arnoldy, Roger",Auroral,,,,,
"Zaumen, William",1972,MIT,"Rappaport, Saul",X-ray Astr,,,,,
"Zeiger, Ben",2012,Colorado,Webster Cash,X-ray Astr,36.274,,,,
"Zhang, Jiahong",1992,Wisconsin,"McCammon, Dan",,,,,,
"Zhaofeng, Ma",1995,Penn State,"Croskey, Charles L.",Middle Atmosphere Electrodynamics,,,,,
"Zipf, Edward C.",1961,Johns Hopkins,Fastie,,,,,,